<?xml version="1.0"?>
<config xmlns:xsi="http://www.w3.org/2001/XMLSchema-instance" xsi:noNamespaceSchemaLocation="urn:magento:framework:Module/etc/module.xsd">
    <module name="Excellence_NextGenImages" setup_version="0.4.0">
        <sequence>
            <module name="Magento_Backend" />
            <module name="Magento_Catalog" />
            <module name="Magento_Config" />
            <module name="Magento_PageCache" />
            <module name="Magento_Store" />
            <module name="Magento_Theme" />
            <module name="Excellence_Base"/>
        </sequence>
    </module>
</config>
