<?xml version="1.0"?>
<config xmlns:xsi="http://www.w3.org/2001/XMLSchema-instance"
    xsi:noNamespaceSchemaLocation="urn:magento:module:Magento_Customer:etc/sections.xsd">
    <action name="excellence/customer_ajax/register">
        <section name="checkout-data"/>
        <section name="cart"/>
        <section name="customer"/>
    </action>
    <action name="customer/ajax/login">
        <section name="checkout-data"/>
        <section name="cart"/>
        <section name="customer"/>
    </action>
</config>
