<?xml version="1.0"?>
<config xmlns:xsi="http://www.w3.org/2001/XMLSchema-instance" xsi:noNamespaceSchemaLocation="urn:magento:module:Magento_Config:etc/system_file.xsd">
    <system>
        <section id="excellence_nextgenimages" translate="label" sortOrder="342" showInDefault="1" showInWebsite="1" showInStore="1">
            <label>Excellence NextGenImages</label>
            <tab>excellence</tab>
            <resource>Excellence_NextGenImages::config</resource>
            <group id="settings" translate="label" type="text" sortOrder="34" showInDefault="1" showInWebsite="1" showInStore="1">
                <label>Settings</label>
                <field id="enabled" translate="label" type="select" sortOrder="1" showInDefault="1" showInWebsite="1" showInStore="0" canRestore="1">
                    <label>Enabled</label>
                    <source_model>Magento\Config\Model\Config\Source\Yesno</source_model>
                </field>
                <field id="debug" translate="label" type="select" sortOrder="2" showInDefault="1" showInWebsite="1" showInStore="0" canRestore="1">
                    <label>Debug Log</label>
                    <source_model>Magento\Config\Model\Config\Source\Yesno</source_model>
                </field>
                <field id="gd" translate="label" type="select" sortOrder="3" showInDefault="1" showInWebsite="1" showInStore="0" canRestore="1">
                    <label>GD support</label>
                    <frontend_model>Excellence\NextGenImages\Block\Adminhtml\System\Config\Gd</frontend_model>
                </field>
                <field id="php_version" translate="label" type="select" sortOrder="3" showInDefault="1" showInWebsite="1" showInStore="0" canRestore="1">
                    <label>PHP version</label>
                    <frontend_model>Excellence\NextGenImages\Block\Adminhtml\System\Config\PhpVersion</frontend_model>
                </field>
                <field id="module_version" translate="label" type="select" sortOrder="3" showInDefault="1" showInWebsite="1" showInStore="0" canRestore="1">
                    <label>Module version</label>
                    <frontend_model>Excellence\NextGenImages\Block\Adminhtml\System\Config\ModuleVersion</frontend_model>
                </field>
                <field id="jpgtojpgx" translate="label" type="select" sortOrder="1" showInDefault="1" showInWebsite="1" showInStore="0" canRestore="1">
                    <label>Convert jpg/jpeg to jpegx</label>
                    <comment>Enable if you enable this all jpg and jpeg to jpegx.All other images converted to webp.</comment>
                    <source_model>Magento\Config\Model\Config\Source\Yesno</source_model>
                </field>
            </group>
        </section>
    </system>
</config>